announcement_key,source_id,published_date,item,price,url,scraped_at
12efaff7640dc96c32da,2800,2026-07-09,ทองเหลืองหนา,245.00.-,https://wongpanit.com/print_history_price/2800,2026-09-23T00:52:45
60b845d1ddce8fd58c35,2800,2026-07-09,เหล็กบางไม่ซอย,3.70.-,https://wongpanit.com/print_history_price/2800,2026-09-23T00:52:46
292f26a14aa0141c9d71,2800,2026-07-09,เหล็กหนาไม่ซอย,4.70.-,https://wongpanit.com/print_history_price/2800,2026-09-23T00:52:47
5bb26d107b6ff194106e,2801,2026-07-10,ทองเหลืองหนา,245.00.-,https://wongpanit.com/print_history_price/2801,2026-09-23T00:52:49
b8ecc7109c96f9b3ea3f,2801,2026-07-10,เหล็กบางไม่ซอย,3.70.-,https://wongpanit.com/print_history_price/2801,2026-09-23T00:52:49
79edda0bfc8ca6006b8b,2801,2026-07-10,เหล็กหนาไม่ซอย,4.70.-,https://wongpanit.com/print_history_price/2801,2026-09-23T00:52:50
00e99bfd5cc03d8f1b2f,2802,2026-07-11,ทองเหลืองหนา,245.00.-,https://wongpanit.com/print_history_price/2802,2026-09-23T00:52:52
45b692b2fa3f1a7e69d9,2802,2026-07-11,เหล็กบางไม่ซอย,3.70.-,https://wongpanit.com/print_history_price/2802,2026-09-23T00:52:52
9d2a89c88e9565577a69,2802,2026-07-11,เหล็กหนาไม่ซอย,4.70.-,https://wongpanit.com/print_history_price/2802,2026-09-23T00:52:53
110fbaad329591aca50b,2803,2026-07-12,ทองเหลืองหนา,245.00.-,https://wongpanit.com/print_history_price/2803,2026-09-23T00:52:55
340ec961e2264fb2ee79,2803,2026-07-12,เหล็กบางไม่ซอย,3.50.-,https://wongpanit.com/print_history_price/2803,2026-09-23T00:52:56
4956169af85127cd61fb,2803,2026-07-12,เหล็กหนาไม่ซอย,4.50.-,https://wongpanit.com/print_history_price/2803,2026-09-23T00:52:56
fda4358476169eff1a0d,2804,2026-07-13,ทองเหลืองหนา,245.00.-,https://wongpanit.com/print_history_price/2804,2026-09-23T00:52:58
eb54ddd52889b99fd1c4,2804,2026-07-13,เหล็กบางไม่ซอย,3.50.-,https://wongpanit.com/print_history_price/2804,2026-09-23T00:52:59
40d6e4fa73b59846d7da,2804,2026-07-13,เหล็กหนาไม่ซอย,4.50.-,https://wongpanit.com/print_history_price/2804,2026-09-23T00:53:00
8fd205415e1c4ba84859,2805,2026-07-14,ทองเหลืองหนา,245.00.-,https://wongpanit.com/print_history_price/2805,2026-09-23T00:53:01
ae6fb9e1fc6e13cf99e8,2805,2026-07-14,เหล็กบางไม่ซอย,3.50.-,https://wongpanit.com/print_history_price/2805,2026-09-23T00:53:02
a626c9e3105c7ebb441d,2805,2026-07-14,เหล็กหนาไม่ซอย,4.50.-,https://wongpanit.com/print_history_price/2805,2026-09-23T00:53:03
49de8edd31fb202d2765,2806,2026-07-15,ทองเหลืองหนา,245.00.-,https://wongpanit.com/print_history_price/2806,2026-09-23T00:53:04
74230986a5444c5760d6,2806,2026-07-15,เหล็กบางไม่ซอย,3.50.-,https://wongpanit.com/print_history_price/2806,2026-09-23T00:53:05
059cfb1e8dfe5eec94cd,2806,2026-07-15,เหล็กหนาไม่ซอย,4.50.-,https://wongpanit.com/print_history_price/2806,2026-09-23T00:53:05
5074eb2f17526356cd82,2807,2026-07-16,ทองเหลืองหนา,245.00.-,https://wongpanit.com/print_history_price/2807,2026-09-23T00:53:07
346c0bc8a7d2b3747097,2807,2026-07-16,เหล็กบางไม่ซอย,3.50.-,https://wongpanit.com/print_history_price/2807,2026-09-23T00:53:07
0bd0dd465731d62fb7e5,2807,2026-07-16,เหล็กหนาไม่ซอย,4.50.-,https://wongpanit.com/print_history_price/2807,2026-09-23T00:53:08
3ad8ede51ac89ecd0bae,2808,2026-07-17,ทองเหลืองหนา,245.00.-,https://wongpanit.com/print_history_price/2808,2026-09-23T00:53:09
c55dc5f92595e22b070c,2808,2026-07-17,เหล็กบางไม่ซอย,3.50.-,https://wongpanit.com/print_history_price/2808,2026-09-23T00:53:10
1d060e4163d56feede65,2808,2026-07-17,เหล็กหนาไม่ซอย,4.50.-,https://wongpanit.com/print_history_price/2808,2026-09-23T00:53:11
74463f3beda49cc4ec2c,2809,2026-07-18,ทองเหลืองหนา,245.00.-,https://wongpanit.com/print_history_price/2809,2026-09-23T00:53:12
4183a15186dc87cf8eee,2809,2026-07-18,เหล็กบางไม่ซอย,3.50.-,https://wongpanit.com/print_history_price/2809,2026-09-23T00:53:13
9558e0b3ed16f5102b75,2809,2026-07-18,เหล็กหนาไม่ซอย,4.50.-,https://wongpanit.com/print_history_price/2809,2026-09-23T00:53:14
1fa51be57fb6bdddfb40,2810,2026-07-19,ทองเหลืองหนา,245.00.-,https://wongpanit.com/print_history_price/2810,2026-09-23T00:53:16
fab1144f013af60bb2eb,2810,2026-07-19,เหล็กบางไม่ซอย,3.50.-,https://wongpanit.com/print_history_price/2810,2026-09-23T00:53:16
f44c18a16ea0f64e31bd,2810,2026-07-19,เหล็กหนาไม่ซอย,4.50.-,https://wongpanit.com/print_history_price/2810,2026-09-23T00:53:17
7e7dcb4ad62e567d90a2,2811,2026-07-20,ทองเหลืองหนา,245.00.-,https://wongpanit.com/print_history_price/2811,2026-09-23T00:53:18
b90c4d8508b745b243b4,2811,2026-07-20,เหล็กบางไม่ซอย,3.50.-,https://wongpanit.com/print_history_price/2811,2026-09-23T00:53:19
83f64a61f3bedcabbae6,2811,2026-07-20,เหล็กหนาไม่ซอย,4.50.-,https://wongpanit.com/print_history_price/2811,2026-09-23T00:53:19
0e137e20284f975220d5,2812,2026-07-21,ทองเหลืองหนา,245.00.-,https://wongpanit.com/print_history_price/2812,2026-09-23T00:53:20
1f4b923ae67568dbd299,2812,2026-07-21,เหล็กบางไม่ซอย,3.50.-,https://wongpanit.com/print_history_price/2812,2026-09-23T00:53:20
baff34b2f2f44054d8a3,2812,2026-07-21,เหล็กหนาไม่ซอย,4.50.-,https://wongpanit.com/print_history_price/2812,2026-09-23T00:53:20
928be6ff0a00fecd9963,2813,2026-07-22,ทองเหลืองหนา,254.00.-,https://wongpanit.com/print_history_price/2813,2026-09-23T00:53:21
72290f46e6e2d23b1931,2813,2026-07-22,เหล็กบางไม่ซอย,3.50.-,https://wongpanit.com/print_history_price/2813,2026-09-23T00:53:21
45a6581b276dd437c0db,2813,2026-07-22,เหล็กหนาไม่ซอย,4.50.-,https://wongpanit.com/print_history_price/2813,2026-09-23T00:53:22
8cffef132d51a99c9b59,2814,2026-07-23,ทองเหลืองหนา,254.00.-,https://wongpanit.com/print_history_price/2814,2026-09-23T00:53:22
de01ee9d026fa7089a1a,2814,2026-07-23,เหล็กบางไม่ซอย,3.50.-,https://wongpanit.com/print_history_price/2814,2026-09-23T00:53:23
5de8057963c503facee4,2814,2026-07-23,เหล็กหนาไม่ซอย,4.50.-,https://wongpanit.com/print_history_price/2814,2026-09-23T00:53:23
ec0c8ff87934ae31e595,2815,2026-07-24,ทองเหลืองหนา,254.00.-,https://wongpanit.com/print_history_price/2815,2026-09-23T00:53:24
a0c7510964de740f0beb,2815,2026-07-24,เหล็กบางไม่ซอย,3.50.-,https://wongpanit.com/print_history_price/2815,2026-09-23T00:53:24
56a8aae4df0c576d005f,2815,2026-07-24,เหล็กหนาไม่ซอย,4.50.-,https://wongpanit.com/print_history_price/2815,2026-09-23T00:53:25
3b57313d06f61d3e286d,2816,2026-07-25,ทองเหลืองหนา,254.00.-,https://wongpanit.com/print_history_price/2816,2026-09-23T00:53:25
9ade35e783d92b7652fe,2816,2026-07-25,เหล็กบางไม่ซอย,3.50.-,https://wongpanit.com/print_history_price/2816,2026-09-23T00:53:26
70f1c765965b3248dc88,2816,2026-07-25,เหล็กหนาไม่ซอย,4.50.-,https://wongpanit.com/print_history_price/2816,2026-09-23T00:53:26
9a157dd23c273a82ea0a,2817,2026-07-26,ทองเหลืองหนา,254.00.-,https://wongpanit.com/print_history_price/2817,2026-09-23T00:53:27
46d096889902d3cf859d,2817,2026-07-26,เหล็กบางไม่ซอย,3.50.-,https://wongpanit.com/print_history_price/2817,2026-09-23T00:53:27
d9a8b846f2beb474433f,2817,2026-07-26,เหล็กหนาไม่ซอย,4.50.-,https://wongpanit.com/print_history_price/2817,2026-09-23T00:53:27
72585e7979fa9abb8b3a,2818,2026-07-27,ทองเหลืองหนา,254.00.-,https://wongpanit.com/print_history_price/2818,2026-09-23T00:53:28
bae0a94b0fd9d95579e5,2818,2026-07-27,เหล็กบางไม่ซอย,3.50.-,https://wongpanit.com/print_history_price/2818,2026-09-23T00:53:28
fe1495cec615f7c14b4c,2818,2026-07-27,เหล็กหนาไม่ซอย,4.50.-,https://wongpanit.com/print_history_price/2818,2026-09-23T00:53:29
f4729e357f49f3d03084,2819,2026-07-28,ทองเหลืองหนา,254.00.-,https://wongpanit.com/print_history_price/2819,2026-09-23T00:53:29
592752bdebeb2616eb1f,2819,2026-07-28,เหล็กบางไม่ซอย,3.50.-,https://wongpanit.com/print_history_price/2819,2026-09-23T00:53:30
c6355fceb3cf8070123b,2819,2026-07-28,เหล็กหนาไม่ซอย,4.50.-,https://wongpanit.com/print_history_price/2819,2026-09-23T00:53:30
c045693d0901195baf4c,2820,2026-07-29,ทองเหลืองหนา,254.00.-,https://wongpanit.com/print_history_price/2820,2026-09-23T00:53:31
b090ffbaa0b7d78b444e,2820,2026-07-29,เหล็กบางไม่ซอย,3.50.-,https://wongpanit.com/print_history_price/2820,2026-09-23T00:53:31
c3bc1a0f026d883f8812,2820,2026-07-29,เหล็กหนาไม่ซอย,4.50.-,https://wongpanit.com/print_history_price/2820,2026-09-23T00:53:31
4fb3f11cbe7b316f89da,2822,2026-07-30,ทองเหลืองหนา,254.00.-,https://wongpanit.com/print_history_price/2822,2026-09-23T00:53:33
2747694a6a748e78a841,2822,2026-07-30,เหล็กบางไม่ซอย,3.50.-,https://wongpanit.com/print_history_price/2822,2026-09-23T00:53:33
4b3abf132a55468db20d,2822,2026-07-30,เหล็กหนาไม่ซอย,4.50.-,https://wongpanit.com/print_history_price/2822,2026-09-23T00:53:34
2cd2324e4fdf18668283,2823,2026-07-31,ทองเหลืองหนา,254.00.-,https://wongpanit.com/print_history_price/2823,2026-09-23T00:53:34
d8e50017fac5c766721f,2823,2026-07-31,เหล็กบางไม่ซอย,3.50.-,https://wongpanit.com/print_history_price/2823,2026-09-23T00:53:35
146677579ec09aa380d4,2823,2026-07-31,เหล็กหนาไม่ซอย,4.50.-,https://wongpanit.com/print_history_price/2823,2026-09-23T00:53:35
f2223a7405f65510ac48,2824,2026-08-01,ทองเหลืองหนา,254.00.-,https://wongpanit.com/print_history_price/2824,2026-09-23T00:53:35
f78a141918998fbd3514,2824,2026-08-01,เหล็กบางไม่ซอย,3.50.-,https://wongpanit.com/print_history_price/2824,2026-09-23T00:53:36
b848f5cb43f1a9491152,2824,2026-08-01,เหล็กหนาไม่ซอย,4.50.-,https://wongpanit.com/print_history_price/2824,2026-09-23T00:53:36
441c558988eb411f7ec3,2825,2026-08-02,ทองเหลืองหนา,254.00.-,https://wongpanit.com/print_history_price/2825,2026-09-23T00:53:37
f1365fe70afaab18df4f,2825,2026-08-02,เหล็กบางไม่ซอย,3.50.-,https://wongpanit.com/print_history_price/2825,2026-09-23T00:53:37
e42ef197f35ad172c500,2825,2026-08-02,เหล็กหนาไม่ซอย,4.50.-,https://wongpanit.com/print_history_price/2825,2026-09-23T00:53:37
678483f1b1a61227f124,2826,2026-08-03,ทองเหลืองหนา,254.00.-,https://wongpanit.com/print_history_price/2826,2026-09-23T00:53:38
30d361ff2efc067f5178,2826,2026-08-03,เหล็กบางไม่ซอย,3.50.-,https://wongpanit.com/print_history_price/2826,2026-09-23T00:53:39
5cb692f5ac0534171da5,2826,2026-08-03,เหล็กหนาไม่ซอย,4.50.-,https://wongpanit.com/print_history_price/2826,2026-09-23T00:53:39
5211f8229b69d32f12c2,2827,2026-08-04,ทองเหลืองหนา,254.00.-,https://wongpanit.com/print_history_price/2827,2026-09-23T00:53:40
0a682e729065740997f7,2827,2026-08-04,เหล็กบางไม่ซอย,3.50.-,https://wongpanit.com/print_history_price/2827,2026-09-23T00:53:40
187dbc1b63ee7968103e,2827,2026-08-04,เหล็กหนาไม่ซอย,4.50.-,https://wongpanit.com/print_history_price/2827,2026-09-23T00:53:40
69ca5aaa90fd974d9996,2828,2026-08-05,ทองเหลืองหนา,254.00.-,https://wongpanit.com/print_history_price/2828,2026-09-23T00:53:41
c7104fc9b139f3ed21a1,2828,2026-08-05,เหล็กบางไม่ซอย,3.50.-,https://wongpanit.com/print_history_price/2828,2026-09-23T00:53:42
14efab801e0b0f496346,2828,2026-08-05,เหล็กหนาไม่ซอย,4.50.-,https://wongpanit.com/print_history_price/2828,2026-09-23T00:53:43
774af15bf7fb3df585c9,2829,2026-08-06,ทองเหลืองหนา,256.00.-,https://wongpanit.com/print_history_price/2829,2026-09-23T00:53:44
5517fa4b0d19380b97aa,2829,2026-08-06,เหล็กบางไม่ซอย,3.50.-,https://wongpanit.com/print_history_price/2829,2026-09-23T00:53:45
5202eaed4b63c2e8e760,2829,2026-08-06,เหล็กหนาไม่ซอย,4.50.-,https://wongpanit.com/print_history_price/2829,2026-09-23T00:53:46
4dd26fd2a93c688ba220,2830,2026-08-07,ทองเหลืองหนา,256.00.-,https://wongpanit.com/print_history_price/2830,2026-09-23T00:53:48
a8d569cb9ec802d1b16d,2830,2026-08-07,เหล็กบางไม่ซอย,3.50.-,https://wongpanit.com/print_history_price/2830,2026-09-23T00:53:49
9d26e25b6929695585ee,2830,2026-08-07,เหล็กหนาไม่ซอย,4.50.-,https://wongpanit.com/print_history_price/2830,2026-09-23T00:53:50
c190fbb3ba91f7140b80,2831,2026-08-08,ทองเหลืองหนา,256.00.-,https://wongpanit.com/print_history_price/2831,2026-09-23T00:53:51
161a3bfd9e1e3457a0bc,2831,2026-08-08,เหล็กบางไม่ซอย,3.50.-,https://wongpanit.com/print_history_price/2831,2026-09-23T00:53:52
4c3e3f628f6d25fd715e,2831,2026-08-08,เหล็กหนาไม่ซอย,4.50.-,https://wongpanit.com/print_history_price/2831,2026-09-23T00:53:53
6bc6380a1eef604d6df6,2832,2026-08-09,ทองเหลืองหนา,256.00.-,https://wongpanit.com/print_history_price/2832,2026-09-23T00:53:55
a410f5063adcaf38342e,2832,2026-08-09,เหล็กบางไม่ซอย,3.50.-,https://wongpanit.com/print_history_price/2832,2026-09-23T00:53:56
5e50dc343cee33cab8c7,2832,2026-08-09,เหล็กหนาไม่ซอย,4.50.-,https://wongpanit.com/print_history_price/2832,2026-09-23T00:53:56
531be19feb0f8faabbf2,2833,2026-08-10,ทองเหลืองหนา,256.00.-,https://wongpanit.com/print_history_price/2833,2026-09-23T00:53:58
77056fd427baeaefdf47,2833,2026-08-10,เหล็กบางไม่ซอย,3.50.-,https://wongpanit.com/print_history_price/2833,2026-09-23T00:53:59
f7251508bb368ccc1bb0,2833,2026-08-10,เหล็กหนาไม่ซอย,4.50.-,https://wongpanit.com/print_history_price/2833,2026-09-23T00:53:59
f85c95e1ce10730ca939,2834,2026-08-11,ทองเหลืองหนา,256.00.-,https://wongpanit.com/print_history_price/2834,2026-09-23T00:54:01
9ff119f0cd418853a0a8,2834,2026-08-11,เหล็กบางไม่ซอย,3.50.-,https://wongpanit.com/print_history_price/2834,2026-09-23T00:54:01
6a855e75f6ed9bc931ee,2834,2026-08-11,เหล็กหนาไม่ซอย,4.50.-,https://wongpanit.com/print_history_price/2834,2026-09-23T00:54:02
8b8e3aa98c97ff99bd4b,2835,2026-08-12,ทองเหลืองหนา,256.00.-,https://wongpanit.com/print_history_price/2835,2026-09-23T00:54:04
f24b6acd3d3c941b2e14,2835,2026-08-12,เหล็กบางไม่ซอย,3.50.-,https://wongpanit.com/print_history_price/2835,2026-09-23T00:54:05
a88e364bedd67d9928e0,2835,2026-08-12,เหล็กหนาไม่ซอย,4.50.-,https://wongpanit.com/print_history_price/2835,2026-09-23T00:54:05
eac70140cac081e708c8,2836,2026-08-13,ทองเหลืองหนา,256.00.-,https://wongpanit.com/print_history_price/2836,2026-09-23T00:54:07
1ff5d8c1647939959a68,2836,2026-08-13,เหล็กบางไม่ซอย,3.50.-,https://wongpanit.com/print_history_price/2836,2026-09-23T00:54:07
bc2657a53a09cabf0d0f,2836,2026-08-13,เหล็กหนาไม่ซอย,4.50.-,https://wongpanit.com/print_history_price/2836,2026-09-23T00:54:08
4ca8c7f917ee33d829a3,2837,2026-08-14,ทองเหลืองหนา,256.00.-,https://wongpanit.com/print_history_price/2837,2026-09-23T00:54:09
d96296ec2edc46469342,2837,2026-08-14,เหล็กบางไม่ซอย,3.50.-,https://wongpanit.com/print_history_price/2837,2026-09-23T00:54:10
01cf5e25d67a56b068d5,2837,2026-08-14,เหล็กหนาไม่ซอย,4.50.-,https://wongpanit.com/print_history_price/2837,2026-09-23T00:54:11
be4d06ee341927ecbe4a,2838,2026-08-15,ทองเหลืองหนา,256.00.-,https://wongpanit.com/print_history_price/2838,2026-09-23T00:54:12
e2ec066b0d349fa463e7,2838,2026-08-15,เหล็กบางไม่ซอย,3.50.-,https://wongpanit.com/print_history_price/2838,2026-09-23T00:54:13
319901b26ab2d743bac6,2838,2026-08-15,เหล็กหนาไม่ซอย,4.50.-,https://wongpanit.com/print_history_price/2838,2026-09-23T00:54:14
d44e93f2b4c1def34ae4,2839,2026-08-16,ทองเหลืองหนา,256.00.-,https://wongpanit.com/print_history_price/2839,2026-09-23T00:54:15
39a936e2aa7955f63a71,2839,2026-08-16,เหล็กบางไม่ซอย,3.50.-,https://wongpanit.com/print_history_price/2839,2026-09-23T00:54:16
834b362fe7b035f71cdb,2839,2026-08-16,เหล็กหนาไม่ซอย,4.50.-,https://wongpanit.com/print_history_price/2839,2026-09-23T00:54:17
af23f52397c2f166ce1a,2840,2026-08-17,ทองเหลืองหนา,256.00.-,https://wongpanit.com/print_history_price/2840,2026-09-23T00:54:18
f2647aeaa12c5924e214,2840,2026-08-17,เหล็กบางไม่ซอย,3.50.-,https://wongpanit.com/print_history_price/2840,2026-09-23T00:54:20
496e94f8fbcc47746b68,2840,2026-08-17,เหล็กหนาไม่ซอย,4.50.-,https://wongpanit.com/print_history_price/2840,2026-09-23T00:54:21
2f76a831ec1839ddbbdc,2841,2026-08-18,ทองเหลืองหนา,256.00.-,https://wongpanit.com/print_history_price/2841,2026-09-23T00:54:22
6a96a7218cea6ffe55b1,2841,2026-08-18,เหล็กบางไม่ซอย,3.50.-,https://wongpanit.com/print_history_price/2841,2026-09-23T00:54:23
e5f10da3294a4e9a08ec,2841,2026-08-18,เหล็กหนาไม่ซอย,4.50.-,https://wongpanit.com/print_history_price/2841,2026-09-23T00:54:24
65f2476837147c7688f3,2842,2026-08-19,ทองเหลืองหนา,256.00.-,https://wongpanit.com/print_history_price/2842,2026-09-23T00:54:25
82a8602d8f05f5245ad6,2842,2026-08-19,เหล็กบางไม่ซอย,3.50.-,https://wongpanit.com/print_history_price/2842,2026-09-23T00:54:26
59d8142a0256d4196fd5,2842,2026-08-19,เหล็กหนาไม่ซอย,4.50.-,https://wongpanit.com/print_history_price/2842,2026-09-23T00:54:27
04b43eb2e912c7b69860,2843,2026-08-20,ทองเหลืองหนา,256.00.-,https://wongpanit.com/print_history_price/2843,2026-09-23T00:54:28
78f6bcd18c72db0429e9,2843,2026-08-20,เหล็กบางไม่ซอย,4.00.-,https://wongpanit.com/print_history_price/2843,2026-09-23T00:54:29
b21f1c39abd2e2f82621,2843,2026-08-20,เหล็กหนาไม่ซอย,5.00.-,https://wongpanit.com/print_history_price/2843,2026-09-23T00:54:30
169e0e085ba4ef58bc2a,2844,2026-08-21,ทองเหลืองหนา,256.00.-,https://wongpanit.com/print_history_price/2844,2026-09-23T00:54:30
695ab5cbabd25d9383e1,2844,2026-08-21,เหล็กบางไม่ซอย,4.00.-,https://wongpanit.com/print_history_price/2844,2026-09-23T00:54:31
4b82e032e9e45637c5a7,2844,2026-08-21,เหล็กหนาไม่ซอย,5.00.-,https://wongpanit.com/print_history_price/2844,2026-09-23T00:54:32
7252ace253d25aa7bfdb,2845,2026-08-22,ทองเหลืองหนา,256.00.-,https://wongpanit.com/print_history_price/2845,2026-09-23T00:54:33
2ca48f02463f487f5d32,2845,2026-08-22,เหล็กบางไม่ซอย,4.00.-,https://wongpanit.com/print_history_price/2845,2026-09-23T00:54:34
2d87379bc1e46f584725,2845,2026-08-22,เหล็กหนาไม่ซอย,5.00.-,https://wongpanit.com/print_history_price/2845,2026-09-23T00:54:35
335f950cc86e97c765d2,2846,2026-08-23,ทองเหลืองหนา,256.00.-,https://wongpanit.com/print_history_price/2846,2026-09-23T00:54:36
dccfc3aa8e760bf6b9a7,2846,2026-08-23,เหล็กบางไม่ซอย,4.00.-,https://wongpanit.com/print_history_price/2846,2026-09-23T00:54:37
0494f29969028afe4b06,2846,2026-08-23,เหล็กหนาไม่ซอย,5.00.-,https://wongpanit.com/print_history_price/2846,2026-09-23T00:54:38
9f78f00102a175f7d57a,2847,2026-08-24,ทองเหลืองหนา,256.00.-,https://wongpanit.com/print_history_price/2847,2026-09-23T00:54:40
920ed78d01cdf93d91d6,2847,2026-08-24,เหล็กบางไม่ซอย,4.00.-,https://wongpanit.com/print_history_price/2847,2026-09-23T00:54:40
e6802bd767fd389ebbb7,2847,2026-08-24,เหล็กหนาไม่ซอย,5.00.-,https://wongpanit.com/print_history_price/2847,2026-09-23T00:54:41
a9ce7dc100185c87b58a,2848,2026-08-25,ทองเหลืองหนา,256.00.-,https://wongpanit.com/print_history_price/2848,2026-09-23T00:54:43
a42c77ae58fbc7d31609,2848,2026-08-25,เหล็กบางไม่ซอย,4.00.-,https://wongpanit.com/print_history_price/2848,2026-09-23T00:54:43
c5b217863422a2d83f03,2848,2026-08-25,เหล็กหนาไม่ซอย,5.00.-,https://wongpanit.com/print_history_price/2848,2026-09-23T00:54:44
fb15179471bc28f39eb2,2849,2026-08-26,ทองเหลืองหนา,256.00.-,https://wongpanit.com/print_history_price/2849,2026-09-23T00:54:45
7f7c1f74365bdfc9b7c5,2849,2026-08-26,เหล็กบางไม่ซอย,4.00.-,https://wongpanit.com/print_history_price/2849,2026-09-23T00:54:45
3883fc98f1033558b2bf,2849,2026-08-26,เหล็กหนาไม่ซอย,5.00.-,https://wongpanit.com/print_history_price/2849,2026-09-23T00:54:46
11ca9bdd52a10f3feddc,2850,2026-08-27,ทองเหลืองหนา,256.00.-,https://wongpanit.com/print_history_price/2850,2026-09-23T00:54:46
9ad4cf88bcf7ada54659,2850,2026-08-27,เหล็กบางไม่ซอย,4.00.-,https://wongpanit.com/print_history_price/2850,2026-09-23T00:54:46
3c35e0ae776a9f4fa6a8,2850,2026-08-27,เหล็กหนาไม่ซอย,5.00.-,https://wongpanit.com/print_history_price/2850,2026-09-23T00:54:47
7aaa1eb560fe1b59f347,2851,2026-08-28,ทองเหลืองหนา,256.00.-,https://wongpanit.com/print_history_price/2851,2026-09-23T00:54:47
ef6b65bff183e49b6379,2851,2026-08-28,เหล็กบางไม่ซอย,4.00.-,https://wongpanit.com/print_history_price/2851,2026-09-23T00:54:48
d8029da41f9cc330b4da,2851,2026-08-28,เหล็กหนาไม่ซอย,5.00.-,https://wongpanit.com/print_history_price/2851,2026-09-23T00:54:48
99b5100795d01c2a4dfc,2852,2026-08-29,ทองเหลืองหนา,256.00.-,https://wongpanit.com/print_history_price/2852,2026-09-23T00:54:49
af365f952be2d068f087,2852,2026-08-29,เหล็กบางไม่ซอย,5.20.-,https://wongpanit.com/print_history_price/2852,2026-09-23T00:54:49
40327b67fdb110d3a90a,2852,2026-08-29,เหล็กหนาไม่ซอย,6.20.-,https://wongpanit.com/print_history_price/2852,2026-09-23T00:54:50
f3e9ddb408d0dbbb0944,2853,2026-08-30,ทองเหลืองหนา,256.00.-,https://wongpanit.com/print_history_price/2853,2026-09-23T00:54:51
0a7a20038351a83c7cb6,2853,2026-08-30,เหล็กบางไม่ซอย,5.20.-,https://wongpanit.com/print_history_price/2853,2026-09-23T00:54:52
a736403f339fa1734207,2853,2026-08-30,เหล็กหนาไม่ซอย,6.20.-,https://wongpanit.com/print_history_price/2853,2026-09-23T00:54:53
b271f9dd9376a06ed3d6,2854,2026-08-31,ทองเหลืองหนา,256.00.-,https://wongpanit.com/print_history_price/2854,2026-09-23T00:54:54
0167a0c545d8631bb58a,2854,2026-08-31,เหล็กบางไม่ซอย,5.20.-,https://wongpanit.com/print_history_price/2854,2026-09-23T00:54:54
c4acc80a21cd11b00f9a,2854,2026-08-31,เหล็กหนาไม่ซอย,6.20.-,https://wongpanit.com/print_history_price/2854,2026-09-23T00:54:55
efd3d1eb49c3b0209388,2855,2026-09-01,ทองเหลืองหนา,256.00.-,https://wongpanit.com/print_history_price/2855,2026-09-23T00:54:55
c335fefe5aa4cf788381,2855,2026-09-01,เหล็กบางไม่ซอย,5.20.-,https://wongpanit.com/print_history_price/2855,2026-09-23T00:54:56
ecea0fc382acb921c1aa,2855,2026-09-01,เหล็กหนาไม่ซอย,6.20.-,https://wongpanit.com/print_history_price/2855,2026-09-23T00:54:56
da19109fb85394337739,2856,2026-09-02,ทองเหลืองหนา,261.00.-,https://wongpanit.com/print_history_price/2856,2026-09-23T00:54:57
ec6def7501b4a5e4d74e,2856,2026-09-02,เหล็กบางไม่ซอย,5.20.-,https://wongpanit.com/print_history_price/2856,2026-09-23T00:54:57
2aaedd68baaa10bf877f,2856,2026-09-02,เหล็กหนาไม่ซอย,6.20.-,https://wongpanit.com/print_history_price/2856,2026-09-23T00:54:57
e75d36aa1998fd097cfc,2857,2026-09-03,ทองเหลืองหนา,261.00.-,https://wongpanit.com/print_history_price/2857,2026-09-23T00:54:58
271fe7aa16097a348092,2857,2026-09-03,เหล็กบางไม่ซอย,5.20.-,https://wongpanit.com/print_history_price/2857,2026-09-23T00:54:58
520d10ac2cf0e24ac872,2857,2026-09-03,เหล็กหนาไม่ซอย,6.20.-,https://wongpanit.com/print_history_price/2857,2026-09-23T00:54:59
0feee99c60dfda9967b6,2858,2026-09-04,ทองเหลืองหนา,261.00.-,https://wongpanit.com/print_history_price/2858,2026-09-23T00:54:59
d5b073c78e258c001ade,2858,2026-09-04,เหล็กบางไม่ซอย,5.20.-,https://wongpanit.com/print_history_price/2858,2026-09-23T00:55:00
908aa49036e2725e75e0,2858,2026-09-04,เหล็กหนาไม่ซอย,6.20.-,https://wongpanit.com/print_history_price/2858,2026-09-23T00:55:00
9f132952b2dfbb141480,2859,2026-09-05,ทองเหลืองหนา,261.00.-,https://wongpanit.com/print_history_price/2859,2026-09-23T00:55:01
09aea85db7708abae398,2859,2026-09-05,เหล็กบางไม่ซอย,5.20.-,https://wongpanit.com/print_history_price/2859,2026-09-23T00:55:01
842c0f8cb33fb5513422,2859,2026-09-05,เหล็กหนาไม่ซอย,6.20.-,https://wongpanit.com/print_history_price/2859,2026-09-23T00:55:01
629eccad1c89288337bf,2860,2026-09-06,ทองเหลืองหนา,261.00.-,https://wongpanit.com/print_history_price/2860,2026-09-23T00:55:02
1019af67d78713b2856d,2860,2026-09-06,เหล็กบางไม่ซอย,5.20.-,https://wongpanit.com/print_history_price/2860,2026-09-23T00:55:02
8e2b586cd784a8bf81f5,2860,2026-09-06,เหล็กหนาไม่ซอย,6.20.-,https://wongpanit.com/print_history_price/2860,2026-09-23T00:55:03
933a691e72485dc6c8dc,2861,2026-09-07,ทองเหลืองหนา,261.00.-,https://wongpanit.com/print_history_price/2861,2026-09-23T00:55:03
5bdfee49aca5d1158012,2861,2026-09-07,เหล็กบางไม่ซอย,5.20.-,https://wongpanit.com/print_history_price/2861,2026-09-23T00:55:04
0b8a2ce8332d9de7fb3c,2861,2026-09-07,เหล็กหนาไม่ซอย,6.20.-,https://wongpanit.com/print_history_price/2861,2026-09-23T00:55:04
f97081ecea502f54499e,2862,2026-09-08,ทองเหลืองหนา,261.00.-,https://wongpanit.com/print_history_price/2862,2026-09-23T00:55:05
d12c50ea34e52f2e7fab,2862,2026-09-08,เหล็กบางไม่ซอย,5.20.-,https://wongpanit.com/print_history_price/2862,2026-09-23T00:55:05
fe5ec74ce939f4292908,2862,2026-09-08,เหล็กหนาไม่ซอย,6.20.-,https://wongpanit.com/print_history_price/2862,2026-09-23T00:55:05
d75daf39f6d5331d23c7,2863,2026-09-09,ทองเหลืองหนา,261.00.-,https://wongpanit.com/print_history_price/2863,2026-09-23T00:55:06
d3721954739d969ba0cb,2863,2026-09-09,เหล็กบางไม่ซอย,5.20.-,https://wongpanit.com/print_history_price/2863,2026-09-23T00:55:06
caffcad386b06bd8a3eb,2863,2026-09-09,เหล็กหนาไม่ซอย,6.20.-,https://wongpanit.com/print_history_price/2863,2026-09-23T00:55:07
06d58878e6f1fa9d03f3,2864,2026-09-10,ทองเหลืองหนา,261.00.-,https://wongpanit.com/print_history_price/2864,2026-09-23T00:55:07
5d0311c0326560e56399,2864,2026-09-10,เหล็กบางไม่ซอย,5.20.-,https://wongpanit.com/print_history_price/2864,2026-09-23T00:55:08
15ea21940ad7216554ab,2864,2026-09-10,เหล็กหนาไม่ซอย,6.20.-,https://wongpanit.com/print_history_price/2864,2026-09-23T00:55:08
ba5e43d6d45deb6869c5,2865,2026-09-11,ทองเหลืองหนา,261.00.-,https://wongpanit.com/print_history_price/2865,2026-09-23T00:55:08
1ec79c6102453f0ff09a,2865,2026-09-11,เหล็กบางไม่ซอย,5.20.-,https://wongpanit.com/print_history_price/2865,2026-09-23T00:55:09
15f7d729af89471d8e66,2865,2026-09-11,เหล็กหนาไม่ซอย,6.20.-,https://wongpanit.com/print_history_price/2865,2026-09-23T00:55:09
1639ab8b5349a7f2516e,2866,2026-09-12,ทองเหลืองหนา,269.00.-,https://wongpanit.com/print_history_price/2866,2026-09-23T00:55:10
cfbbd09443ccbd21410f,2866,2026-09-12,เหล็กบางไม่ซอย,5.20.-,https://wongpanit.com/print_history_price/2866,2026-09-23T00:55:10
a4a40abf0a2de1a89095,2866,2026-09-12,เหล็กหนาไม่ซอย,6.20.-,https://wongpanit.com/print_history_price/2866,2026-09-23T00:55:10
8c01516701f8685bda2f,2867,2026-09-13,ทองเหลืองหนา,269.00.-,https://wongpanit.com/print_history_price/2867,2026-09-23T00:55:11
ca844b9e19d844a90ddb,2867,2026-09-13,เหล็กบางไม่ซอย,5.20.-,https://wongpanit.com/print_history_price/2867,2026-09-23T00:55:11
560cc674a1d0e57e5a0f,2867,2026-09-13,เหล็กหนาไม่ซอย,6.20.-,https://wongpanit.com/print_history_price/2867,2026-09-23T00:55:12
bc34a53329c7b30c89ee,2869,2026-09-14,ทองเหลืองหนา,269.00.-,https://wongpanit.com/print_history_price/2869,2026-09-23T00:55:14
fb4268c77a09b2d8085a,2869,2026-09-14,เหล็กบางไม่ซอย,5.20.-,https://wongpanit.com/print_history_price/2869,2026-09-23T00:55:14
ee5270f83263c68d2bce,2869,2026-09-14,เหล็กหนาไม่ซอย,6.20.-,https://wongpanit.com/print_history_price/2869,2026-09-23T00:55:14
c13e6a7a5de9a9737573,2870,2026-09-15,ทองเหลืองหนา,269.00.-,https://wongpanit.com/print_history_price/2870,2026-09-23T00:55:15
663884c8dd26a4a04de8,2870,2026-09-15,เหล็กบางไม่ซอย,5.20.-,https://wongpanit.com/print_history_price/2870,2026-09-23T00:55:15
8befae9cca2fedc4f968,2870,2026-09-15,เหล็กหนาไม่ซอย,6.20.-,https://wongpanit.com/print_history_price/2870,2026-09-23T00:55:15
f13ca47e5ab86c111829,2871,2026-09-16,ทองเหลืองหนา,269.00.-,https://wongpanit.com/print_history_price/2871,2026-09-23T00:55:16
48df51bd9f844a89d741,2871,2026-09-16,เหล็กบางไม่ซอย,5.20.-,https://wongpanit.com/print_history_price/2871,2026-09-23T00:55:16
760a22b9b8cb628d1565,2871,2026-09-16,เหล็กหนาไม่ซอย,6.20.-,https://wongpanit.com/print_history_price/2871,2026-09-23T00:55:16
8f03e7af79868d7a92e4,2872,2026-09-17,ทองเหลืองหนา,269.00.-,https://wongpanit.com/print_history_price/2872,2026-09-23T00:55:17
db7f0cebc5c02f780db7,2872,2026-09-17,เหล็กบางไม่ซอย,5.20.-,https://wongpanit.com/print_history_price/2872,2026-09-23T00:55:17
7301b1f5febbd33e1577,2872,2026-09-17,เหล็กหนาไม่ซอย,6.20.-,https://wongpanit.com/print_history_price/2872,2026-09-23T00:55:18
a5b63bef93a725ffa74b,2873,2026-09-18,ทองเหลืองหนา,269.00.-,https://wongpanit.com/print_history_price/2873,2026-09-23T00:55:18
17372274fa42eddb52c1,2873,2026-09-18,เหล็กบางไม่ซอย,5.20.-,https://wongpanit.com/print_history_price/2873,2026-09-23T00:55:19
34eb9cf28dea7fbc47e1,2873,2026-09-18,เหล็กหนาไม่ซอย,6.20.-,https://wongpanit.com/print_history_price/2873,2026-09-23T00:55:19
f0187e73139acd2a342e,2874,2026-09-19,ทองเหลืองหนา,269.00.-,https://wongpanit.com/print_history_price/2874,2026-09-23T00:55:20
2c314093d99ff8e48392,2874,2026-09-19,เหล็กบางไม่ซอย,5.20.-,https://wongpanit.com/print_history_price/2874,2026-09-23T00:55:20
b38ebf65d3e4678bd42f,2874,2026-09-19,เหล็กหนาไม่ซอย,6.20.-,https://wongpanit.com/print_history_price/2874,2026-09-23T00:55:20
6a6772a675c4904f4ecc,2875,2026-09-20,ทองเหลืองหนา,269.00.-,https://wongpanit.com/print_history_price/2875,2026-09-23T00:55:21
7611480d9eb8060a850c,2875,2026-09-20,เหล็กบางไม่ซอย,5.20.-,https://wongpanit.com/print_history_price/2875,2026-09-23T00:55:21
4be911f19babd968db7c,2875,2026-09-20,เหล็กหนาไม่ซอย,6.20.-,https://wongpanit.com/print_history_price/2875,2026-09-23T00:55:21
20716bf916cedfaca8b1,2876,2026-09-21,ทองเหลืองหนา,269.00.-,https://wongpanit.com/print_history_price/2876,2026-09-23T01:13:57
1d647157edf2df7dad1f,2876,2026-09-21,เหล็กบางไม่ซอย,5.20.-,https://wongpanit.com/print_history_price/2876,2026-09-23T01:13:57
7e070312031a431fc73c,2876,2026-09-21,เหล็กหนาไม่ซอย,6.20.-,https://wongpanit.com/print_history_price/2876,2026-09-23T01:13:57
5d46dcf8098422509bdb,2877,2026-09-22,ทองเหลืองหนา,269.00.-,https://wongpanit.com/print_history_price/2877,2026-09-23T01:13:58
700824602d7655933333,2877,2026-09-22,เหล็กบางไม่ซอย,5.20.-,https://wongpanit.com/print_history_price/2877,2026-09-23T01:13:58
bc3705bff86549b41a6c,2877,2026-09-22,เหล็กหนาไม่ซอย,6.20.-,https://wongpanit.com/print_history_price/2877,2026-09-23T01:13:58
